id,session_id,user_message,bot_response,consent_given,created_at
0f93e7af-da13-46f4-aaea-d1c530271654,8738c877-bc84-4b91-aee3-b6e21a816280,What services does IDEAM provide?,"expert support in data analytics, biotechnology, and environmental science.",True,2026-02-28 20:57:17.075386
af91d74b-d8ee-4ff9-b153-cae6d83d3e8e,55f5a6c9-b314-4c17-9c8b-9c54b10536a2,what does IDEAM stand for?,Institute.,True,2026-02-28 21:04:52.934703
c1c061cf-cb12-4827-837c-a8b2c4d1dc8d,55f5a6c9-b314-4c17-9c8b-9c54b10536a2,what is IDEAM,a leading research organization dedicated to pioneering discoveries and developing technologies that address critical global challenges. Our mission is to advance knowledge and create solutions that benefit society and the environment. Our mission is to advance knowledge and create solutions that benefit society and the environment. Our mission is to advance knowledge and create solutions that benefit society and the environment. Our mission is to advance knowledge and create solutions that benefit society and the environment. Our mission is to advance knowledge and create solutions that benefit society and the environment. Our mission is to advance knowledge and create solutions that benefit society and the environment. Our mission is to advance knowledge and create solutions that benefit society and the environment. Our mission is to advance knowledge and create solutions that benefit society and the environment. Our mission is to advance knowledge and create solutions that benefit society and the environment. Our mission is to advance knowledge and create solutions that benefit society and the environment. Our mission is to advance knowledge and create solutions that benefit society and the environment. Our mission is to advance.,True,2026-02-28 21:05:22.407485
da8eaedb-ba10-47ec-a1cd-d31ab1fcabc6,55f5a6c9-b314-4c17-9c8b-9c54b10536a2,who are the members of the IDEAM,"dedicated researchers, scientists, and professionals who are passionate about making a difference.",True,2026-02-28 21:05:49.109542
c6305ae7-281f-4494-9576-07115d56511d,55f5a6c9-b314-4c17-9c8b-9c54b10536a2,who is smart factory,"The Smarter Factory Technology Gateway Programme is co-financed by the Government of Ireland and the European Union through the ERDF Southern, Eastern & Midland Regional Programme 2021-2027.",True,2026-02-28 21:06:05.323217
a7dc5057-c36c-40d6-8519-2561dfa6957e,55f5a6c9-b314-4c17-9c8b-9c54b10536a2,"who is Rishi in IDEAM
",Director of Smart Manufacturing at TUS- IDEAM Institute.,True,2026-02-28 21:06:21.264661
2379cb4f-02c3-4fb0-bdcc-a1b6d1ad24a7,55f5a6c9-b314-4c17-9c8b-9c54b10536a2,"who is johnin IDEAM
",Director of Smart Manufacturing at TUS- IDEAM Institute.,True,2026-02-28 21:06:29.241578
15046989-641f-4be9-b498-1cf734b09e7e,55f5a6c9-b314-4c17-9c8b-9c54b10536a2,"who is john in IDEAM and what is his role 
",Director of Smart Manufacturing at TUS- IDEAM Institute.,True,2026-02-28 21:06:48.368975
66ce55c5-df35-420e-bdd8-9b85587edfbc,cd47a70d-e55b-4663-a8f0-72c86c937cf3,what does IDEAM stand for?,Institute.,True,2026-02-28 21:12:20.138539
629a4487-c76b-436d-94d4-38c6157c0ba7,cd47a70d-e55b-4663-a8f0-72c86c937cf3,what does IDEAM stand for ?,Institute.,True,2026-02-28 21:12:36.558303
be389378-95f6-4701-90fe-d3d52bb99d1b,cd47a70d-e55b-4663-a8f0-72c86c937cf3,what does IDEAM stand for ?,Institute.,True,2026-02-28 21:17:59.721923
de2b6338-793f-455e-8c12-18ff401eb126,cd47a70d-e55b-4663-a8f0-72c86c937cf3,who is John Cosgrove,Director of Smart Manufacturing at TUS- IDEAM Institute.,True,2026-02-28 21:18:17.486218
574ffc39-5b6d-408a-b20d-a7925d3c1099,cd47a70d-e55b-4663-a8f0-72c86c937cf3,What is ideam ,"a leading research organization dedicated to pioneering discoveries and developing technologies that address critical global challenges. Our mission is to advance knowledge and create solutions that benefit society and the environment. Explore our journey, values, and the impact we make through our interdisciplinary research efforts.",True,2026-02-28 21:26:42.772295
d7776586-2898-4cd1-bd3a-7decefb9b26e,cd47a70d-e55b-4663-a8f0-72c86c937cf3,What are functions of Idea,"enabling teachers to empower students to harness the transformative potential of AI in design while fostering critical thinking, creativity, and ethical awareness.",True,2026-02-28 21:27:16.361561
e9a0995d-3708-478d-a428-8453ca647b37,cd47a70d-e55b-4663-a8f0-72c86c937cf3,Who is Rishi Pandey,Rishi Pandey is an assistant for IDEAM.,True,2026-02-28 21:28:59.534187
3ffee143-d94b-426a-92b0-e104a178b059,cd47a70d-e55b-4663-a8f0-72c86c937cf3,Who is Yash,an Irish Government-EU co-funded industry-facing organisation within the Technological University of the Shannon (TUS) and IDEAM Research Institute.,True,2026-02-28 21:30:44.273684
af70f920-1269-4e6a-9a11-665dc9b628a1,10072f0a-28bd-4a82-8e58-5337aba452fb,this is test 1,iii.,True,2026-02-28 21:47:09.066553
c010e315-af4e-4852-8e9e-aa0b0dadd9f9,10072f0a-28bd-4a82-8e58-5337aba452fb,this is test 2 ,AIDEA - Artificial Intelligence for a new Design Education Approach.,True,2026-02-28 21:47:29.552563
220d20c3-79b4-40b8-b450-9c04255c01c3,10072f0a-28bd-4a82-8e58-5337aba452fb,"
This is test 3",Multiple automation interconnected systems mimic real-world scenarios for comprehensive testing.,True,2026-02-28 21:48:38.440059
e01e84f5-a506-45aa-b525-f4608b014905,dfd6edca-6f30-479b-b7c7-eff1665dfcde,this is test 4 ,iii.,True,2026-02-28 21:52:17.379757
e59a457a-afe0-48b3-9a34-0e46e539a10d,997e15c9-26f9-4fa5-87be-bdabba9691ad,this is test 5 ,AIDEA - Artificial Intelligence for a new Design Education Approach.,True,2026-02-28 21:52:25.986535
02a47d31-4afd-4230-9196-cbd309e368ed,10072f0a-28bd-4a82-8e58-5337aba452fb,This is test 6,AIDEA - Artificial Intelligence for a new Design Education Approach.,True,2026-02-28 21:52:49.701522
674e97ed-5a0f-4616-98c1-a1391929ee78,dfd6edca-6f30-479b-b7c7-eff1665dfcde,this is test 4 part 2,iii.,True,2026-02-28 21:53:29.445778
029d6bb1-f0fd-4c0c-b661-a10a7f65286a,33eac7dc-72eb-43ca-99c9-8b1cdf192bc4,who is yash,an Irish Government-EU co-funded industry-facing organisation within the Technological University of the Shannon (TUS) and IDEAM Research Institute.,True,2026-02-28 22:03:08.164037
de6b1be9-9cb0-4b8a-9923-ef157a9d2b66,33eac7dc-72eb-43ca-99c9-8b1cdf192bc4,	Who is Yash,an industry-facing research organization embedded within the Technological University of the Shannon (TUS) and IDEAM Research Institute.,True,2026-02-28 22:03:42.094294
369a7295-c61c-42ef-92ce-6d12fd4703a2,f69da71c-35cc-4139-ab6f-3f15e624d5eb,who is yash,YASH is CEO of IDEAM,True,2026-02-28 22:10:44.057433
074c094b-a736-4abf-8861-7c45549f1942,b26845a8-88d8-4c76-b600-b42bc6ff5de1,who is yash,YASH is CEO of IDEAM,True,2026-02-28 22:22:03.218695
7fcbf30f-b1fb-49c1-bdab-f8d6a0e174c2,b26845a8-88d8-4c76-b600-b42bc6ff5de1,what is ideam,IDEAM stand for Irish Digital Engineering and Advanced Manufacturing Cluster or Research Institute,True,2026-02-28 22:22:14.600548
f6863182-8842-403c-8f56-9cdc37d87de6,b26845a8-88d8-4c76-b600-b42bc6ff5de1,what is ideam,IDEAM stand for Irish Digital Engineering and Advanced Manufacturing Cluster or Research Institute,True,2026-02-28 22:22:26.589774
4d7ec93f-9573-4149-a36e-63bfc353825d,b26845a8-88d8-4c76-b600-b42bc6ff5de1,who is yash,YASH is CEO of IDEAM,True,2026-02-28 22:22:36.959248
c1e7f3d4-e610-4458-9c50-1085ea7eb133,b26845a8-88d8-4c76-b600-b42bc6ff5de1,what is smarter factory,"The Smarter Factory Technology Gateway Programme is co-financed by the Government of Ireland and the European Union through the ERDF Southern, Eastern & Midland Regional Programme 2021-2027.",True,2026-02-28 22:25:34.954778
680a9c65-c0cb-4557-a124-2d7c40a2ebb1,b26845a8-88d8-4c76-b600-b42bc6ff5de1,who is yash,YASH is CEO of IDEAM,True,2026-02-28 22:25:38.989481
8536ad29-33a8-402d-b647-8ed5b92a5624,b26845a8-88d8-4c76-b600-b42bc6ff5de1,what does ideam do ,IDEAM stand for Irish Digital Engineering and Advanced Manufacturing Cluster or Research Institute,True,2026-02-28 22:26:36.848453
e51321d5-8c66-42b4-84a3-6494192a4b03,b26845a8-88d8-4c76-b600-b42bc6ff5de1,what does ideam specialize in ,IDEAM stand for Irish Digital Engineering and Advanced Manufacturing Cluster or Research Institute,True,2026-02-28 22:26:51.164312
c8e5846f-9329-474a-be02-44f56fa09ec4,b26845a8-88d8-4c76-b600-b42bc6ff5de1,what does ideam specialize in and projects,"data analytics, biotechnology, and environmental science.",True,2026-02-28 22:27:00.433415
21033408-ea1d-4acf-8c01-e79021b9ec67,b26845a8-88d8-4c76-b600-b42bc6ff5de1,,Which of the following is true of IDEAM Institute?.,True,2026-02-28 22:27:23.051353
dfe50aaf-7e01-4766-a83a-f5c80ed19599,b26845a8-88d8-4c76-b600-b42bc6ff5de1,who are you,an assistant for IDEAM.,True,2026-02-28 22:27:30.595010
e8b47f25-0af9-4fe1-8721-8380938ddcf6,e4751ff4-1f77-45e4-8684-11804ec2fffa,who is yash,YASH is CEO of IDEAM,True,2026-02-28 22:29:43.271375
7d1f2cf7-24c0-49d4-82ae-015587dc0fc0,e4751ff4-1f77-45e4-8684-11804ec2fffa,what does IDEAM do and their projects ,IDEAM stand for Irish Digital Engineering and Advanced Manufacturing Cluster or Research Institute,True,2026-02-28 22:29:53.009121
863f5bbf-b9b7-43af-a7f5-6fc65176b58e,bc0d9ce1-519b-4248-bec1-7b2406131380,what is smarter factory ,"The Smarter Factory Technology Gateway Programme is co-financed by the Government of Ireland and the European Union through the ERDF Southern, Eastern & Midland Regional Programme 2021-2027.",True,2026-02-28 22:31:46.654341
558e87dd-1c87-46ca-945a-85044b56d283,73c24b4f-154e-4c0b-8a2c-ea523f300ad6,what does IDEAM secialise in ,"data analytics, biotechnology, and environmental science.",True,2026-02-28 22:32:02.019066
afb65192-d37b-41ec-be7b-c2192fa4a9bc,73c24b4f-154e-4c0b-8a2c-ea523f300ad6,who is rishi,an assistant for IDEAM.,True,2026-02-28 22:32:11.390282
